Gene,Transcript,Position
APC,NM_000038.6,c.3920T>A
APC,NM_000038.6,c.1638delT
APC,NM_000038.6,c.3497_3501delAATAT
APC,NM_000038.6,c.2805C>A
APC,NM_000038.6,c.1213C>T
APC,NM_000038.6,c.1495C>T
APC,NM_000038.6,c.220G>T
APC,NM_000038.6,c.3927_3931del
APC,NM_000038.6,c.1312+1G>C
APC,NM_000038.6,c.1500T>A
APC,NM_000038.6,c.3183_3187del
APC,NM_000038.6,c.3521delA
APC,NM_000038.6,c.604G>T
APC,NM_000038.6,c.2279delT
APC,NM_000038.6,c.3111_3118dup
ATM,NM_000051.4,c.1342C>T
ATM,NM_000051.4,c.7630-2A>C
ATM,NM_000051.4,c.5932G>T
ATM,NM_000051.4,c.6095G>A
ATM,NM_000051.4,c.6228delT
ATM,NM_000051.4,c.3850delA
ATM,NM_000051.4,c.362T>A
ATM,NM_000051.4,c.5549delT
ATM,NM_000051.4,c.2921+1G>A
ATM,NM_000051.4,c.742C>T
ATM,NM_000051.4,c.1898+2T>G
ATM,NM_000051.4,c.3848T>C
ATM,NM_000051.4,c.8565T>G
ATM,NM_000051.4,c.8149A>T
ATM,NM_000051.4,c.3848T>C
ATM,NM_000051.4,c.7010_7011del
BRCA1,NM_007294.4,c.5117G>A
BRCA1,NM_007294.4,c.5266dupC
BRCA1,NM_007294.4,c.4689C>G
BRCA1,NM_007294.4,c.5095C>T
BRCA1,NM_007294.4,c.5251C>T
BRCA1,NM_007294.4,c.2719_2722delCTTC
BRCA1,NM_007294.4,c.3700_3704delGTAAA
BRCA1,NM_007294.4,c.4035delA
BRCA1,NM_007294.4,c.4185G>C
BRCA1,NM_007294.4,c.4186C>T
BRCA1,NM_007294.4,c.4675G>A
BRCA1,NM_007294.4,c.5117G>A
BRCA1,NM_007294.4,c.5266dup
BRCA1,NM_007294.4,c.4146_4155dup
BRCA1,NM_007294.4,c.116G>A
BRCA1,NM_007294.4,c.181T>G
BRCA1,NM_007294.4,c.676del
BRCA1,NM_007294.4,c.843_846del
BRCA2,NM_000059.4,c.5744C>T
BRCA2,NM_000059.4,c.1813dupA
BRCA2,NM_000059.4,c.9318G>A
BRCA2,NM_000059.4,c.2254_2257del
BRCA2,NM_000059.4,c.6010_6028delGAAGATAGTACCAAGCAAG
BRCA2,NM_000059.4,c.7529T>C
BRCA2,NM_000059.4,c.793+1G>A
BRCA2,NM_000059.4,c.9097delA
BRCA2,NM_000059.4, c.9227G>A
BRCA2,NM_000059.4,c.658_659del